{
  "timestamp": "2025-12-28T00:43:19.425443",
  "dataset": "ALQAC.csv",
  "total_samples": 530,
  "evaluated_samples": 530,
  "retrieval": {
    "mrr": 0.9499056603773584,
    "recall_at_1": 0.9377358490566038,
    "recall_at_3": 0.960377358490566,
    "recall_at_5": 0.9641509433962264,
    "recall_at_10": 0.9735849056603774,
    "precision_at_1": 0.9377358490566038,
    "precision_at_3": 0.33270440251572325,
    "precision_at_5": 0.20226415094339625,
    "hit_rate_at_1": 0.9377358490566038,
    "hit_rate_at_5": 0.9641509433962264,
    "hit_rate_at_10": 0.9735849056603774,
    "avg_retrieval_time": 0.6351077831016396
  },
  "generation": {
    "exact_match": 0.5132075471698113,
    "f1_score": 0.6078479207546978,
    "bleu_1": 0.512953826150982,
    "bleu_2": 0.45203230309953274,
    "bleu_4": 0.2775344567838785,
    "rouge_1": 0.6547292342530933,
    "rouge_2": 0.5719093750698072,
    "rouge_l": 0.6358668101244623,
    "bert_score_p": 0.8588607057085577,
    "bert_score_r": 0.8374746458710365,
    "bert_score_f1": 0.8467959799856509,
    "answer_length_ratio": 0.9819858371559069,
    "extractive_rate": 0.9849056603773585,
    "avg_generation_time": 3.758004484536513
  },
  "config": {
    "top_k": 10,
    "use_llm": true,
    "use_bert_score": true,
    "sample_size": null
  }
}