{
  "timestamp": "2025-12-23T13:16:09.921089",
  "dataset": "ALQAC.csv",
  "total_samples": 20,
  "evaluated_samples": 20,
  "retrieval": {
    "mrr": 0.6083333333333333,
    "recall_at_1": 0.45,
    "recall_at_3": 0.8,
    "recall_at_5": 0.8,
    "recall_at_10": 0.8,
    "precision_at_1": 0.45,
    "precision_at_3": 0.2666666666666666,
    "precision_at_5": 0.16000000000000006,
    "hit_rate_at_1": 0.45,
    "hit_rate_at_5": 0.8,
    "hit_rate_at_10": 0.8,
    "avg_retrieval_time": 0.40822112560272217
  },
  "generation": {
    "exact_match": 0.39,
    "f1_score": 0.5511374492926363,
    "bleu_1": 0.4436380767284362,
    "bleu_2": 0.37446649404423205,
    "bleu_4": 0.19316470288158966,
    "rouge_1": 0.6173999773659435,
    "rouge_2": 0.5369095122045053,
    "rouge_l": 0.6055762449766137,
    "bert_score_p": 0.0,
    "bert_score_r": 0.0,
    "bert_score_f1": 0.0,
    "answer_length_ratio": 0.8416553294030734,
    "extractive_rate": 1.0,
    "avg_generation_time": 3.3634065270423887
  },
  "config": {
    "top_k": 10,
    "use_llm": true,
    "use_bert_score": false,
    "sample_size": 20
  }
}