{
  "timestamp": "2025-12-23T13:53:10.481447",
  "dataset": "ALQAC.csv",
  "total_samples": 100,
  "evaluated_samples": 100,
  "retrieval": {
    "mrr": 0.8733333333333334,
    "recall_at_1": 0.83,
    "recall_at_3": 0.92,
    "recall_at_5": 0.92,
    "recall_at_10": 0.93,
    "precision_at_1": 0.83,
    "precision_at_3": 0.3966666666666667,
    "precision_at_5": 0.262,
    "hit_rate_at_1": 0.83,
    "hit_rate_at_5": 0.92,
    "hit_rate_at_10": 0.93,
    "avg_retrieval_time": 5.687629477977753
  },
  "generation": {
    "exact_match": 0.4539999999999999,
    "f1_score": 0.5619227741608923,
    "bleu_1": 0.4641316545984327,
    "bleu_2": 0.3893418670028393,
    "bleu_4": 0.24016470757423636,
    "rouge_1": 0.605552779020461,
    "rouge_2": 0.5212108419099173,
    "rouge_l": 0.5854150463183401,
    "bert_score_p": 0.8411519014835358,
    "bert_score_r": 0.8154311716556549,
    "bert_score_f1": 0.8270585918426514,
    "answer_length_ratio": 0.8866819489343181,
    "extractive_rate": 0.98,
    "avg_generation_time": 3.0091355443000793
  },
  "config": {
    "top_k": 10,
    "use_llm": true,
    "use_bert_score": true,
    "sample_size": 100
  }
}