{
  "timestamp": "2025-12-22T23:23:03.833186",
  "dataset": "ALQAC.csv",
  "total_samples": 10,
  "evaluated_samples": 10,
  "retrieval": {
    "mrr": 0.75,
    "recall_at_1": 0.7,
    "recall_at_3": 0.8,
    "recall_at_5": 0.8,
    "recall_at_10": 0.8,
    "precision_at_1": 0.7,
    "precision_at_3": 0.2666666666666667,
    "precision_at_5": 0.16,
    "hit_rate_at_1": 0.7,
    "hit_rate_at_5": 0.8,
    "hit_rate_at_10": 0.8,
    "avg_retrieval_time": 0.737986707687378
  },
  "generation": {
    "exact_match": 0.4,
    "f1_score": 0.24864907558266966,
    "bleu_1": 0.1381008185900909,
    "bleu_2": 0.1158410157218348,
    "bleu_4": 0.08636925277714566,
    "rouge_1": 0.2350798053897095,
    "rouge_2": 0.18238605378720404,
    "rouge_l": 0.2153422700867133,
    "bert_score_p": 0.0,
    "bert_score_r": 0.0,
    "bert_score_f1": 0.0,
    "answer_length_ratio": 23.935614035087717,
    "extractive_rate": 1.0,
    "avg_generation_time": 5.751487374305725
  },
  "config": {
    "top_k": 10,
    "use_llm": true,
    "use_bert_score": false,
    "sample_size": 10
  }
}